ward_name,ward_code,ward_population,location_id,location_name,location_type,date_added,geometry
Beaches-East York,19,109465,334,Metro Pharmacy #537,Pharmacy,2021-03-18,"c(-79.288695805, 43.690633629)"
Beaches-East York,19,109465,403,Shoppers Drug Mart 984,Pharmacy,2021-03-18,"c(-79.30018613, 43.670175715)"
Beaches-East York,19,109465,348,Shoppers Drug Mart 814,Pharmacy,2021-03-18,"c(-79.303721056, 43.688029383)"
Beaches-East York,19,109465,262,Care and Health Pharmacy,Pharmacy,2021-03-18,"c(-79.293529986, 43.690270422)"
Beaches-East York,19,109465,634,Theodore Pharmacy,Pharmacy,2021-07-17,"c(-79.30719150691, 43.713941183069)"
Beaches-East York,19,109465,585,Shoppers Drug Mart,Pharmacy,2021-05-29,"c(-79.290691015341, 43.689887942737)"
Beaches-East York,19,109465,600,Danforth Neighbourhood Pharmacy Care,Pharmacy,2021-06-05,"c(-79.305017437438, 43.687833491843)"
Beaches-East York,19,109465,598,Beech Medical Pharmacy,Pharmacy,2021-06-05,"c(-79.290925066274, 43.680355935799)"
Beaches-East York,19,109465,439,Shoppers Drug Mart 1287,Pharmacy,2021-03-18,"c(-79.319214533, 43.699241101)"
Beaches-East York,19,109465,187,Michael Garron Hospital,Hospital,NA,"c(-79.324879659625, 43.690088500097)"
Beaches-East York,19,109465,398,LOBLAWS INC LOB1021 RX DSP,Pharmacy,2021-03-18,"c(-79.288215636, 43.688363865)"
Beaches-East York,19,109465,329,Toronto East Pharmasave,Pharmacy,2021-03-18,"c(-79.324950781, 43.689823411)"
Beaches-East York,19,109465,231,Beaches Pharmacy,Pharmacy,2021-03-18,"c(-79.301457722, 43.669556461)"
Beaches-East York,19,109465,537,The Drugstore Pharmacy,Pharmacy,2021-05-15,"c(-79.312436555816, 43.686443663111)"
Beaches-East York,19,109465,518,Hooper's Pharmacy,Pharmacy,2021-05-15,"c(-79.293787542325, 43.671712167655)"
Beaches-East York,19,109465,342,Shoppers Drug Mart 915,Pharmacy,2021-03-18,"c(-79.312836584, 43.705956122)"
Beaches-East York,19,109465,636,Woods Drug Store,Pharmacy,2021-07-17,"c(-79.311407808723, 43.670661788211)"
Beaches-East York,19,109465,443,Shoppers Drug Mart 500,Pharmacy,2021-03-18,"c(-79.322265387, 43.68395699)"
Beaches-East York,19,109465,313,Victoria Park Pharmacy,Pharmacy,2021-03-18,"c(-79.29841231, 43.713888577)"
Beaches-East York,19,109465,252,pharmasave 606,Pharmacy,2021-03-18,"c(-79.288039552, 43.680636081)"
Beaches-East York,19,109465,526,Queen East Medical Pharmacy,Pharmacy,2021-05-15,"c(-79.306372184653, 43.669013453201)"
Beaches-East York,19,109465,516,Drugsmart Pharmacy,Pharmacy,2021-05-15,"c(-79.292027299996, 43.696041120916)"
Davenport,9,108470,351,Shoppers Drug Mart 879,Pharmacy,2021-03-18,"c(-79.462660915, 43.692636694)"
Davenport,9,108470,460,SHOPPERS DRUG MART #1304,Pharmacy,2021-04-06,"c(-79.447489974, 43.666727207)"
Davenport,9,108470,395,Shoppers Drug Mart 1377,Pharmacy,2021-03-18,"c(-79.428772134, 43.661607205)"
Davenport,9,108470,605,Pharmacy Go Caledonia,Pharmacy,2021-06-05,"c(-79.463520340701, 43.682797412488)"
Davenport,9,108470,517,Health Care Mart,Pharmacy,2021-05-15,"c(-79.425990442324, 43.642756626173)"
Davenport,9,108470,626,Blue Sky Pharmacy,Pharmacy,2021-07-17,"c(-79.443677406872, 43.678271465181)"
Davenport,9,108470,393,Galleria SC Toronto,Pharmacy,2021-03-18,"c(-79.441754258, 43.667509633)"
Davenport,9,108470,290,LOBLAWS INC NF4222 RX DSP,Pharmacy,2021-03-18,"c(-79.440695371, 43.649553325)"
Davenport,9,108470,539,Wal-Mart Pharmacy,Pharmacy,2021-05-15,"c(-79.436639371161, 43.657599047025)"
Davenport,9,108470,312,Symington Pharmacy,Pharmacy,2021-03-18,"c(-79.451232372, 43.666461336)"
Davenport,9,108470,529,Rexall,Pharmacy,2021-05-15,"c(-79.429322786505, 43.649585986037)"
Davenport,9,108470,591,Shoppers Simply Pharmacy,Pharmacy,2021-05-29,"c(-79.445008099997, 43.677423308439)"
Don Valley East,16,94580,293,No Frills,Pharmacy,2021-03-18,"c(-79.310406489, 43.742447141)"
Don Valley East,16,94580,535,Shoppers Drug Mart,Pharmacy,2021-05-15,"c(-79.345918142325, 43.737496380407)"
Don Valley East,16,94580,614,Agape Pharmacy,Pharmacy,2021-07-17,"c(-79.347420791556, 43.748436133648)"
Don Valley East,16,94580,430,Shoppers Drug Mart 877,Pharmacy,2021-03-18,"c(-79.359625179, 43.754567819)"
Don Valley East,16,94580,289,LOBLAWS INC RCSS1077 RX DSP,Pharmacy,2021-03-18,"c(-79.33896238, 43.722006661)"
Don Valley East,16,94580,503,Don Mills Pharmacy,Pharmacy,2021-05-15,"c(-79.346479515431, 43.74551421373)"
Don Valley East,16,94580,449,HEALING ARTS PHARMACY,Pharmacy,2021-04-06,"c(-79.348043904, 43.735377559)"
Don Valley East,16,94580,481,CASSANDRA PHARMACY,Pharmacy,2021-04-06,"c(-79.314114597, 43.752550325)"
Don Valley East,16,94580,570,Shoppers Drug Mart,Pharmacy,2021-05-29,"c(-79.324919115341, 43.760924741151)"
Don Valley East,16,94580,244,Allcures Pharmacy,Pharmacy,2021-03-18,"c(-79.329585034, 43.718572185)"
Don Valley East,16,94580,243,Main Drug Mart,Pharmacy,2021-03-18,"c(-79.305845278, 43.73092251)"
Don Valley East,16,94580,643,One Medical Pharmacy,Pharmacy,2021-07-17,"c(-79.328872666544, 43.727381866205)"
Don Valley East,16,94580,507,Seoul Pharmacy,Pharmacy,2021-05-15,"c(-79.349558630775, 43.754251945591)"
Don Valley East,16,94580,632,Procare Pharmacy,Pharmacy,2021-07-17,"c(-79.346419420381, 43.744907896123)"
Don Valley North,17,110080,402,Shoppers Drug Mart 830,Pharmacy,2021-03-18,"c(-79.344494984, 43.777739651)"
Don Valley North,17,110080,189,NYGH Vaccination Clinic,Hospital,NA,"c(-79.363201801951, 43.769755820985)"
Don Valley North,17,110080,292,LOBLAWS INC LOB1019 RX DSP,Pharmacy,2021-03-18,"c(-79.387294897, 43.768619355)"
Don Valley North,17,110080,534,Roya Boutique Pharmacy,Pharmacy,2021-05-15,"c(-79.370369628833, 43.769390159737)"
Don Valley North,17,110080,486,SHOPPERS DRUG MART #843,Pharmacy,2021-04-06,"c(-79.384755719, 43.80482328)"
Don Valley North,17,110080,509,Shoppers Drug Mart,Pharmacy,2021-05-15,"c(-79.385493515341, 43.767989903845)"
Don Valley North,17,110080,536,St. Gabriel Medical Pharmacy,Pharmacy,2021-05-15,"c(-79.381226669309, 43.7687677574)"
Don Valley North,17,110080,190,Seneca College Vaccination Clinic,Hospital,NA,"c(-79.349676663484, 43.795323958241)"
Don Valley North,17,110080,504,Food Basics Pharmacy,Pharmacy,2021-05-15,"c(-79.325503630774, 43.775970421842)"
Don Valley North,17,110080,487,SHOPPERS DRUG MART #917,Pharmacy,2021-04-06,"c(-79.364697108, 43.779278968)"
Don Valley North,17,110080,245,Raymond Wing Chiu Chan Drug Ltd.,Pharmacy,2021-03-18,"c(-79.374856585, 43.770123506)"
Don Valley North,17,110080,510,Shoppers Simply Pharmacy,Pharmacy,2021-05-15,"c(-79.377340499998, 43.768900518374)"
Don Valley North,17,110080,382,Rexall - Skymark Plaza Willowdale,Pharmacy,2021-03-18,"c(-79.353958204, 43.794379419)"
Don Valley North,17,110080,568,Shoppers Drug Mart,Pharmacy,2021-05-29,"c(-79.330359758336, 43.788321656301)"
Don Valley North,17,110080,569,Shoppers Drug Mart,Pharmacy,2021-05-29,"c(-79.369027415341, 43.79908392848)"
Don Valley West,15,102510,411,Shoppers Drug Mart 982,Pharmacy,2021-03-18,"c(-79.375082355, 43.706346013)"
Don Valley West,15,102510,492,REXALL #299,Pharmacy,2021-04-06,"c(-79.369505219, 43.696960431)"
Don Valley West,15,102510,437,Shoppers Drug Mart 818,Pharmacy,2021-03-18,"c(-79.38947868, 43.707775578)"
Don Valley West,15,102510,296,LOBLAWS INC LOB1092 RX DSP,Pharmacy,2021-03-18,"c(-79.360159966, 43.699973461)"
Don Valley West,15,102510,201,East York Town Centre,Hospital,NA,"c(-79.346049059625, 43.705981419136)"
Don Valley West,15,102510,238,I CARE Pharmacy Services,Pharmacy,2021-03-18,"c(-79.351481872, 43.706587121)"
Don Valley West,15,102510,377,Shoppers Drug Mart 1403,Pharmacy,2021-03-18,"c(-79.384783808, 43.746832574)"
Don Valley West,15,102510,424,Shoppers Drug Mart 871,Pharmacy,2021-03-18,"c(-79.34625567, 43.705538116)"
Don Valley West,15,102510,359,Shoppers Drug Mart 1313,Pharmacy,2021-03-18,"c(-79.377937316, 43.714154464)"
Don Valley West,15,102510,527,Rexall,Pharmacy,2021-05-15,"c(-79.37768955767, 43.713002385804)"
Don Valley West,15,102510,300,Costco Pharmacy #1316,Pharmacy,2021-03-18,"c(-79.347182278, 43.706911602)"
Don Valley West,15,102510,566,Loblaw Pharmacy,Pharmacy,2021-05-29,"c(-79.404160957668, 43.735656431872)"
Don Valley West,15,102510,524,Mount Pleasant Pharmacy,Pharmacy,2021-05-15,"c(-79.389602186504, 43.708397432422)"
Eglinton-Lawrence,8,114395,525,Old Park Pharmacy,Pharmacy,2021-05-15,"c(-79.43040315767, 43.700471714184)"
Eglinton-Lawrence,8,114395,491,SHOPPERS DRUG MART #809,Pharmacy,2021-04-06,"c(-79.432682981, 43.719426484)"
Eglinton-Lawrence,8,114395,453,GLEN PARK PHARMACY*,Pharmacy,2021-04-06,"c(-79.453862495, 43.708746567)"
Eglinton-Lawrence,8,114395,257,Premier Pharmacy and Compounding Centre,Pharmacy,2021-03-18,"c(-79.430935728, 43.725380703)"
Eglinton-Lawrence,8,114395,420,Shoppers Drug Mart 1214,Pharmacy,2021-03-18,"c(-79.450874008, 43.695808882)"
Eglinton-Lawrence,8,114395,385,Shoppers Drug Mart 1510,Pharmacy,2021-03-18,"c(-79.419748986, 43.73627687)"
Eglinton-Lawrence,8,114395,247,NEW CALEDONIA PHARMACY,Pharmacy,2021-03-18,"c(-79.462294728, 43.693285018)"
Eglinton-Lawrence,8,114395,386,Shoppers Drug Mart 1240,Pharmacy,2021-03-18,"c(-79.404489513, 43.732313544)"
Eglinton-Lawrence,8,114395,349,Yonge/Melrose Toronto Rexall,Pharmacy,2021-03-18,"c(-79.404508481, 43.732985241)"
Eglinton-Lawrence,8,114395,432,Shoppers Drug Mart 821,Pharmacy,2021-03-18,"c(-79.452373157, 43.715201537)"
Eglinton-Lawrence,8,114395,285,Rosebury - Sobeys,Pharmacy,2021-03-18,"c(-79.441027128, 43.703254768)"
Eglinton-Lawrence,8,114395,444,Shoppers Drug Mart 803,Pharmacy,2021-03-18,"c(-79.416299533, 43.722676877)"
Eglinton-Lawrence,8,114395,447,CANADA CHEMISTS,Pharmacy,2021-04-14,"c(-79.419562346, 43.734787027)"
Eglinton-Lawrence,8,114395,363,Shoppers Drug Mart 881,Pharmacy,2021-03-18,"c(-79.451467173, 43.726070444)"
Eglinton-Lawrence,8,114395,391,Yonge/Eglinton Toronto Rexall,Pharmacy,2021-03-18,"c(-79.399083523, 43.707157586)"
Etobicoke Centre,2,118020,452,LAROSE PHARMACY,Pharmacy,2021-04-06,"c(-79.523949826, 43.685625102)"
Etobicoke Centre,2,118020,564,Shoppers Drug Mart,Pharmacy,2021-05-29,"c(-79.555645415341, 43.67540433444)"
Etobicoke Centre,2,118020,346,Shoppers Drug Mart 837,Pharmacy,2021-03-18,"c(-79.519824058, 43.661773238)"
Etobicoke Centre,2,118020,565,Shoppers Drug Mart,Pharmacy,2021-05-29,"c(-79.557182999997, 43.693136971122)"
Etobicoke Centre,2,118020,291,LOBLAWS INC LOB1066 RX DSP,Pharmacy,2021-03-18,"c(-79.559599415, 43.64396199)"
Etobicoke Centre,2,118020,489,SHOPPERS DRUG MART #845,Pharmacy,2021-04-06,"c(-79.565611496, 43.683113691)"
Etobicoke Centre,2,118020,374,Shoppers Drug Mart 825,Pharmacy,2021-03-18,"c(-79.564889597, 43.655462968)"
Etobicoke Centre,2,118020,316,Markland Wood Pharmacy,Pharmacy,2021-03-18,"c(-79.575912497, 43.630990801)"
Etobicoke Centre,2,118020,317,Shoppers Drug Mart 1483,Pharmacy,2021-03-18,"c(-79.576687818, 43.641675456)"
Etobicoke Centre,2,118020,560,NoFrills Pharmacy,Pharmacy,2021-05-29,"c(-79.545096988449, 43.69600702874)"
Etobicoke Centre,2,118020,276,One Eva,Pharmacy,2021-03-18,"c(-79.563066247, 43.639469453)"
Etobicoke Centre,2,118020,499,Martin Grove Pharmacy,Pharmacy,2021-05-14,"c(-79.548754759614, 43.649358276459)"
Etobicoke Centre,2,118020,328,GLENCADE PHARMACY,Pharmacy,2021-03-18,"c(-79.561801833, 43.634647842)"
Etobicoke Centre,2,118020,388,Rexall - Richview Plaza Weston,Pharmacy,2021-03-18,"c(-79.546779456, 43.679692216)"
Etobicoke North,1,118040,562,Shoppers Drug Mart,Pharmacy,2021-05-29,"c(-79.584563871161, 43.741901801644)"
Etobicoke North,1,118040,227,LOBLAWS INC FORT4165 RX DSP,Pharmacy,2021-03-18,"c(-79.596042772, 43.721575079)"
Etobicoke North,1,118040,556,Shoppers Drug Mart,Pharmacy,2021-05-24,"c(-79.55997622669, 43.735422811048)"
Etobicoke North,1,118040,471,WAL-MART PHARMACY,Pharmacy,2021-04-06,"c(-79.553595024, 43.714168034)"
Etobicoke North,1,118040,594,Community Choice Pharmacy - Rexdale,Pharmacy,2021-06-05,"c(-79.571740722094, 43.719510720942)"
Etobicoke North,1,118040,650,Woodbine Mall,City,2021-09-21,"c(-79.599279647844, 43.719178000313)"
Etobicoke North,1,118040,445,SHIH PHARMACY,Pharmacy,2021-04-06,"c(-79.589313517, 43.75669264)"
Etobicoke North,1,118040,519,Islington IDA Pharmacy,Pharmacy,2021-05-15,"c(-79.559741344177, 43.723954421512)"
Etobicoke North,1,118040,469,DRUG STORE PHARMACY #4576,Pharmacy,2021-04-06,"c(-79.584602138, 43.741762541)"
Etobicoke North,1,118040,500,Shoppers Simply Pharmacy,Pharmacy,2021-05-14,"c(-79.585507030775, 43.740382496358)"
Etobicoke North,1,118040,223,Shoppers Drug Mart 857,Pharmacy,2021-03-18,"c(-79.565240884, 43.711375082)"
Etobicoke-Lakeshore,3,129080,158,Cloverdale Mall,City,NA,"c(-79.556501959627, 43.632603612174)"
Etobicoke-Lakeshore,3,129080,433,Shoppers Drug Mart 863,Pharmacy,2021-03-18,"c(-79.538129106, 43.640261296)"
Etobicoke-Lakeshore,3,129080,282,Canadian Compounding Pharmacy,Pharmacy,2021-03-18,"c(-79.507232356, 43.648501682)"
Etobicoke-Lakeshore,3,129080,261,Unicare Pharmacy,Pharmacy,2021-03-18,"c(-79.517825239, 43.598308603)"
Etobicoke-Lakeshore,3,129080,350,Lakeshore/37th Etobicoke Rexall,Pharmacy,2021-03-18,"c(-79.538427408, 43.59298971)"
Etobicoke-Lakeshore,3,129080,638,Rexall,Pharmacy,2021-07-17,"c(-79.560298949228, 43.608908225373)"
Etobicoke-Lakeshore,3,129080,303,LOBLAWS INC NF4345 RX DSP,Pharmacy,2021-03-18,"c(-79.518489702, 43.631868283)"
Etobicoke-Lakeshore,3,129080,353,Shoppers Drug Mart 1421,Pharmacy,2021-03-18,"c(-79.48305682, 43.623107417)"
Etobicoke-Lakeshore,3,129080,270,CLINICPLUS I.D.A. PHARMACY,Pharmacy,2021-03-18,"c(-79.488544014, 43.637790316)"
Etobicoke-Lakeshore,3,129080,561,Prince Edward Pharmacy,Pharmacy,2021-05-29,"c(-79.505441786598, 43.648299396353)"
Etobicoke-Lakeshore,3,129080,302,Costco Pharmacy #524,Pharmacy,2021-03-18,"c(-79.507388806, 43.622697529)"
Etobicoke-Lakeshore,3,129080,531,Rexall,Pharmacy,2021-05-15,"c(-79.545586553964, 43.602131285366)"
Etobicoke-Lakeshore,3,129080,442,Shoppers Drug Mart 865,Pharmacy,2021-03-18,"c(-79.481550674, 43.630166261)"
Etobicoke-Lakeshore,3,129080,629,Long Branch Pharmacy,Pharmacy,2021-07-17,"c(-79.545173766425, 43.590138372303)"
Etobicoke-Lakeshore,3,129080,407,Cloverdale Mall Toronto,Pharmacy,2021-03-18,"c(-79.55446629, 43.63242299)"
Etobicoke-Lakeshore,3,129080,239,Lakeside Pharmacy,Pharmacy,2021-03-18,"c(-79.489438365, 43.614273804)"
Etobicoke-Lakeshore,3,129080,613,Akron Pharmacy,Pharmacy,2021-07-17,"c(-79.487651937712, 43.617691905907)"
Etobicoke-Lakeshore,3,129080,497,B. Well Pharmacy,Pharmacy,2021-05-14,"c(-79.490033288451, 43.624383287522)"
Etobicoke-Lakeshore,3,129080,309,Islington Medical Pharmacy,Pharmacy,2021-03-18,"c(-79.523504428, 43.645927948)"
Etobicoke-Lakeshore,3,129080,462,No Frills,Pharmacy,2021-04-06,"c(-79.497866329, 43.612250789)"
Etobicoke-Lakeshore,3,129080,563,Shoppers Drug Mart,Pharmacy,2021-05-29,"c(-79.557204457669, 43.611899151933)"
Etobicoke-Lakeshore,3,129080,246,KIPLING & QUEENSWAY PHARMACY,Pharmacy,2021-03-18,"c(-79.524809007, 43.621073842)"
Etobicoke-Lakeshore,3,129080,498,Danny's Wellness Pharmacy,Pharmacy,2021-05-14,"c(-79.523459930779, 43.622230729047)"
Etobicoke-Lakeshore,3,129080,472,WAL-MART PHARMACY,Pharmacy,2021-04-06,"c(-79.554141546, 43.618393076)"
Etobicoke-Lakeshore,3,129080,379,Shoppers Drug Mart 903,Pharmacy,2021-03-18,"c(-79.539681964, 43.594202308)"
Etobicoke-Lakeshore,3,129080,520,Medicine Cabinet,Pharmacy,2021-05-15,"c(-79.476617915341, 43.630455960349)"
Etobicoke-Lakeshore,3,129080,409,Shoppers Drug Mart 808,Pharmacy,2021-03-18,"c(-79.51105768, 43.647715035)"
Etobicoke-Lakeshore,3,129080,467,REXALL #2063,Pharmacy,2021-04-06,"c(-79.528639458, 43.64950653)"
Humber River-Black Creek,7,108035,511,Weston Care Pharmacy,Pharmacy,2021-05-15,"c(-79.539949628834, 43.738645165981)"
Humber River-Black Creek,7,108035,483,SHOPPERS DRUG MART #990,Pharmacy,2021-04-06,"c(-79.510976356, 43.720197762)"
Humber River-Black Creek,7,108035,358,Shoppers Drug Mart 1162,Pharmacy,2021-03-18,"c(-79.502338168, 43.773410091)"
Humber River-Black Creek,7,108035,465,WAL-MART PHARMACY #1151,Pharmacy,2021-04-06,"c(-79.510755023, 43.72216281)"
Humber River-Black Creek,7,108035,480,SHOPPERS DRUG MART#840,Pharmacy,2021-04-06,"c(-79.515356718, 43.75676438)"
Humber River-Black Creek,7,108035,567,NoFrills Pharmacy,Pharmacy,2021-05-29,"c(-79.509677828833, 43.7198879522)"
Humber River-Black Creek,7,108035,559,Rexall,Pharmacy,2021-05-29,"c(-79.521205573102, 43.769893541916)"
Humber River-Black Creek,7,108035,446,SHOPPERS DRUG MART #854,Pharmacy,2021-04-06,"c(-79.560374485, 43.749024862)"
Humber River-Black Creek,7,108035,485,YORKGATE IDA DRUGMART,Pharmacy,2021-04-06,"c(-79.519439349, 43.758498549)"
Parkdale-High Park,4,108805,228,Welcome Guardian Drugs (Roncesvalles),Pharmacy,2021-03-18,"c(-79.447412719, 43.643375049)"
Parkdale-High Park,4,108805,606,Vina Pharmacy,Pharmacy,2021-06-05,"c(-79.436453522095, 43.641133344552)"
Parkdale-High Park,4,108805,413,Shoppers Drug Mart 989,Pharmacy,2021-03-18,"c(-79.476473142, 43.650929345)"
Parkdale-High Park,4,108805,365,Shoppers Drug Mart 717,Pharmacy,2021-03-18,"c(-79.452950297, 43.659111209)"
Parkdale-High Park,4,108805,284,Junction Pharmacy,Pharmacy,2021-03-18,"c(-79.469944965, 43.665660061)"
Parkdale-High Park,4,108805,283,High Park,Pharmacy,2021-03-18,"c(-79.466789535, 43.653433271)"
Parkdale-High Park,4,108805,318,Shoppers Drug Mart 1253,Pharmacy,2021-03-18,"c(-79.43903923, 43.63990348)"
Parkdale-High Park,4,108805,295,LOBLAWS INC LOB1154 RX DSP,Pharmacy,2021-03-18,"c(-79.45054238, 43.654817881)"
Parkdale-High Park,4,108805,327,Junction Chemist Pharmacy,Pharmacy,2021-03-18,"c(-79.473960595, 43.665282387)"
Parkdale-High Park,4,108805,602,Duke Pharmacy,Pharmacy,2021-06-05,"c(-79.462716664421, 43.665691679278)"
Parkdale-High Park,4,108805,229,Healing Source Pharmacy,Pharmacy,2021-03-18,"c(-79.47579016, 43.651021745)"
Parkdale-High Park,4,108805,418,Shoppers Drug Mart 1166,Pharmacy,2021-03-18,"c(-79.486605543, 43.665870051)"
Parkdale-High Park,4,108805,314,Mortar + Pestle Compounding Pharmacy,Pharmacy,2021-03-18,"c(-79.470290061, 43.652156726)"
Parkdale-High Park,4,108805,279,Lingeman IDA Pharmacy,Pharmacy,2021-03-18,"c(-79.487922138, 43.658742791)"
Parkdale-High Park,4,108805,512,Bloor West Pharmacy,Pharmacy,2021-05-15,"c(-79.478067328833, 43.651194254449)"
Parkdale-High Park,4,108805,457,DUNDAS WEST VILLAGE PHARMACY,Pharmacy,2021-04-06,"c(-79.467581439, 43.665673881)"
Parkdale-High Park,4,108805,601,Datu's Pharmacy,Pharmacy,2021-06-05,"c(-79.451506193259, 43.654527630971)"
Parkdale-High Park,4,108805,294,LOBLAWS INC LOB1099 RX DSP,Pharmacy,2021-03-18,"c(-79.495866925, 43.66543417)"
Scarborough Centre,21,112605,599,Dalecliff Medical Pharmacy,Pharmacy,2021-06-05,"c(-79.302654837438, 43.760551244864)"
Scarborough Centre,21,112605,547,Metro Pharmacy,Pharmacy,2021-05-15,"c(-79.279022884652, 43.77106831149)"
Scarborough Centre,21,112605,580,Shoppers Drug Mart,Pharmacy,2021-05-29,"c(-79.267859673013, 43.733270512919)"
Scarborough Centre,21,112605,549,Neighbour Care Pharmacy,Pharmacy,2021-05-15,"c(-79.244266628833, 43.744122995171)"
Scarborough Centre,21,112605,448,HEALTH CORNER PHARMACY,Pharmacy,2021-04-06,"c(-79.315139871, 43.758778536)"
Scarborough Centre,21,112605,597,Midland Pharmacy,Pharmacy,2021-06-05,"c(-79.267957706749, 43.768445606394)"
Scarborough Centre,21,112605,307,Costco Pharmacy #537,Pharmacy,2021-03-18,"c(-79.297742346, 43.75965769)"
Scarborough Centre,21,112605,476,REXALL #901,Pharmacy,2021-04-06,"c(-79.249501507, 43.737273419)"
Scarborough Centre,21,112605,575,Metro Pharmacy,Pharmacy,2021-05-29,"c(-79.313568157668, 43.75680185094)"
Scarborough Centre,21,112605,577,Real Canadian Superstore,Pharmacy,2021-05-29,"c(-79.263118586505, 43.778242081704)"
Scarborough Centre,21,112605,225,Wal-Mart Pharmacy #3159,Pharmacy,2021-03-18,"c(-79.293906187, 43.727477033)"
Scarborough Centre,21,112605,273,Kennedy Road Pharmacy,Pharmacy,2021-03-18,"c(-79.284017626, 43.771982426)"
Scarborough Centre,21,112605,576,NoFrills Pharmacy,Pharmacy,2021-05-29,"c(-79.299694669308, 43.726693211771)"
Scarborough Centre,21,112605,612,The Mid-Scarborough Hub,Hospital,2021-07-10,"c(-79.250706610454, 43.737387970125)"
Scarborough Centre,21,112605,277,Lawrence Pharmacy,Pharmacy,2021-03-18,"c(-79.26148795, 43.751692831)"
Scarborough Centre,21,112605,621,Oasis Drug Mart,Pharmacy,2021-07-17,"c(-79.257068964583, 43.770762875171)"
Scarborough Centre,21,112605,618,Maple Drug Mart,Pharmacy,2021-07-17,"c(-79.263560351094, 43.751546223389)"
Scarborough Centre,21,112605,364,Shoppers Drug Mart 851,Pharmacy,2021-03-18,"c(-79.31240742, 43.757087153)"
Scarborough Centre,21,112605,616,Ash Medical Pharmacy,Pharmacy,2021-07-17,"c(-79.238136564637, 43.739550253992)"
Scarborough Centre,21,112605,477,SHOPPERS DRUG MART #501,Pharmacy,2021-04-06,"c(-79.244802095, 43.754611876)"
Scarborough Centre,21,112605,286,Lawrence/Midland - Sobeys,Pharmacy,2021-03-18,"c(-79.263873273, 43.752174235)"
Scarborough Centre,21,112605,550,Pharmazone,Pharmacy,2021-05-15,"c(-79.260829926981, 43.742297398202)"
Scarborough Centre,21,112605,620,Noble IDA Pharmacy,Pharmacy,2021-07-17,"c(-79.236146566385, 43.739966607276)"
Scarborough Centre,21,112605,157,Scarborough Town Centre,City,NA,"c(-79.258930615442, 43.776990231769)"
Scarborough Centre,21,112605,347,Shoppers Drug Mart 860,Pharmacy,2021-03-18,"c(-79.258018709, 43.776283247)"
Scarborough Centre,21,112605,419,Shoppers Drug Mart 856,Pharmacy,2021-03-18,"c(-79.276552163, 43.748649471)"
Scarborough Centre,21,112605,475,WAL-MART PHARMACY,Pharmacy,2021-04-06,"c(-79.258018709, 43.776283247)"
Scarborough North,23,98800,330,Wal-Mart Pharmacy #1080,Pharmacy,2021-03-18,"c(-79.254408509, 43.833404957)"
Scarborough North,23,98800,373,Shoppers Drug Mart 1381,Pharmacy,2021-03-18,"c(-79.240181484, 43.794578052)"
Scarborough North,23,98800,237,Lapsley Pharmacy,Pharmacy,2021-03-18,"c(-79.226358939, 43.79570521)"
Scarborough North,23,98800,611,TAIBU Community Health Centre,Hospital,2021-07-10,"c(-79.2205897086, 43.806308528206)"
Scarborough North,23,98800,310,Markham Corners Pharmacy,Pharmacy,2021-03-18,"c(-79.239299479, 43.792608081)"
Scarborough North,23,98800,427,Shoppers Drug Mart 1301,Pharmacy,2021-03-18,"c(-79.266187888, 43.832776635)"
Scarborough North,23,98800,321,Shoppers Drug Mart 855,Pharmacy,2021-03-18,"c(-79.222824988, 43.809178666)"
Scarborough North,23,98800,248,HEALTH CHECK PHARMACY   PHARMASAVE,Pharmacy,2021-03-18,"c(-79.248587886, 43.823166745)"
Scarborough North,23,98800,623,Scarborough Discount Pharmacy,Pharmacy,2021-07-17,"c(-79.244149979968, 43.74436439622)"
Scarborough North,23,98800,431,Shoppers Drug Mart 880,Pharmacy,2021-03-18,"c(-79.269312074, 43.809220727)"
Scarborough North,23,98800,546,Medical Care Pharmacy,Pharmacy,2021-05-15,"c(-79.230266465341, 43.796199210906)"
Scarborough North,23,98800,542,Food Basics Pharmacy,Pharmacy,2021-05-15,"c(-79.240476428833, 43.792683142879)"
Scarborough North,23,98800,545,MMMC Pharmacy,Pharmacy,2021-05-15,"c(-79.247041228833, 43.824345380271)"
Scarborough North,23,98800,484,FOOD BASICS PHARMACY #596,Pharmacy,2021-04-06,"c(-79.269312074, 43.809220727)"
Scarborough North,23,98800,622,Pharmalinx Guardian Pharmacy,Pharmacy,2021-07-17,"c(-79.268486964577, 43.789029734859)"
Scarborough Southwest,20,110280,287,Gerrard & Victoria - Sobeys,Pharmacy,2021-03-18,"c(-79.284927132, 43.687900873)"
Scarborough Southwest,20,110280,323,HealthSmart Pharmasave,Pharmacy,2021-03-18,"c(-79.267103937, 43.732081947)"
Scarborough Southwest,20,110280,224,Shoppers Drug Mart 859,Pharmacy,2021-03-18,"c(-79.24765016, 43.736523524)"
Scarborough Southwest,20,110280,579,Shoppers Drug Mart,Pharmacy,2021-05-29,"c(-79.250115242324, 43.706899392123)"
Scarborough Southwest,20,110280,493,SHOPPERS DRUG MART #827,Pharmacy,2021-04-06,"c(-79.300659011, 43.723528023)"
Scarborough Southwest,20,110280,548,Mina Drug Store,Pharmacy,2021-05-15,"c(-79.270059944178, 43.688945862192)"
Scarborough Southwest,20,110280,198,Warden Hilltop Community Centre,Hospital,NA,"c(-79.280742319149, 43.71479635415)"
Scarborough Southwest,20,110280,596,Danforth Village Pharmacy,Pharmacy,2021-06-05,"c(-79.276061122094, 43.69458786869)"
Scarborough Southwest,20,110280,242,Pharmasave,Pharmacy,2021-03-18,"c(-79.217490071, 43.737767955)"
Scarborough Southwest,20,110280,551,Rexall,Pharmacy,2021-05-15,"c(-79.248508413489, 43.708849143204)"
Scarborough Southwest,20,110280,250,Birchmount Pharmasave,Pharmacy,2021-03-18,"c(-79.26959561, 43.707284138)"
Scarborough Southwest,20,110280,422,Shoppers Drug Mart 811,Pharmacy,2021-03-18,"c(-79.230971585, 43.725155934)"
Scarborough-Agincourt,22,105540,308,LOBLAWS INC NF4127 RX DSP,Pharmacy,2021-03-18,"c(-79.29882673, 43.823703294)"
Scarborough-Agincourt,22,105540,356,Shoppers Drug Mart 1509,Pharmacy,2021-03-18,"c(-79.322096922, 43.7750538)"
Scarborough-Agincourt,22,105540,331,Wal-Mart Pharmacy #3000,Pharmacy,2021-03-18,"c(-79.292249459, 43.783929916)"
Scarborough-Agincourt,22,105540,495,SHOPPERS DRUG MART #980,Pharmacy,2021-04-06,"c(-79.318364224, 43.798546197)"
Scarborough-Agincourt,22,105540,357,Birchmount & Sheppard Scarborough Rexall,Pharmacy,2021-03-18,"c(-79.298450999, 43.780462274)"
Scarborough-Agincourt,22,105540,429,Shoppers Drug Mart 1388,Pharmacy,2021-03-18,"c(-79.28913, 43.784135226)"
Scarborough-Agincourt,22,105540,234,Victoria Commons Pharmacy,Pharmacy,2021-03-18,"c(-79.321139532, 43.7729758)"
Scarborough-Agincourt,22,105540,184,Carefirst Seniors and Community Services Association Clinic,Hospital,NA,"c(-79.294956688457, 43.812781513219)"
Scarborough-Agincourt,22,105540,494,REXALL #406,Pharmacy,2021-04-06,"c(-79.29374906, 43.802425568)"
Scarborough-Agincourt,22,105540,280,Guardian Village Square Pharmacy,Pharmacy,2021-03-18,"c(-79.329809802, 43.794260779)"
Scarborough-Agincourt,22,105540,619,Newe Town Medical Pharmacy,Pharmacy,2021-07-17,"c(-79.315292491529, 43.797497363637)"
Scarborough-Agincourt,22,105540,496,SHOPPERS DRUG MART #875,Pharmacy,2021-04-06,"c(-79.309926313, 43.784802711)"
Scarborough-Guildwood,24,102390,544,Guildcrest Pharmacy,Pharmacy,2021-05-15,"c(-79.208069957669, 43.747200186202)"
Scarborough-Guildwood,24,102390,574,Metro Pharmacy,Pharmacy,2021-05-29,"c(-79.216335057759, 43.743228136154)"
Scarborough-Guildwood,24,102390,482,SHOPPERS DRUG MART #1242,Pharmacy,2021-04-06,"c(-79.205982857, 43.781112865)"
Scarborough-Guildwood,24,102390,297,No Frills,Pharmacy,2021-03-18,"c(-79.230288387, 43.758540756)"
Scarborough-Guildwood,24,102390,553,Wal-Mart Pharmacy,Pharmacy,2021-05-15,"c(-79.223973615346, 43.742232465354)"
Scarborough-Guildwood,24,102390,617,Guildview Pharmacy,Pharmacy,2021-07-17,"c(-79.198445006943, 43.758814301368)"
Scarborough-Guildwood,24,102390,324,Pharmasave Cedarcourt Pharmacy,Pharmacy,2021-03-18,"c(-79.226951304, 43.759797121)"
Scarborough-Guildwood,24,102390,185,Centennial College Progress Campus Clinic,Hospital,NA,"c(-79.22820230195, 43.785626371638)"
Scarborough-Guildwood,24,102390,543,Food Basics Pharmacy,Pharmacy,2021-05-15,"c(-79.203793573013, 43.784554768676)"
Scarborough-Guildwood,24,102390,360,Shoppers Drug Mart 800,Pharmacy,2021-03-18,"c(-79.223913229, 43.760682884)"
Scarborough-Guildwood,24,102390,464,REXALL #877,Pharmacy,2021-04-06,"c(-79.230348611, 43.775419374)"
Scarborough-Guildwood,24,102390,191,SHN Centenary Clinic,Hospital,NA,"c(-79.206660232638, 43.78239801145)"
Scarborough-Guildwood,24,102390,470,REXALL #109,Pharmacy,2021-04-06,"c(-79.187302282, 43.768842131)"
Scarborough-Guildwood,24,102390,281,Orton Park Guardian Pharmacy,Pharmacy,2021-03-18,"c(-79.20911961, 43.77171822)"
Scarborough-Guildwood,24,102390,436,Shoppers Drug Mart 1314,Pharmacy,2021-03-18,"c(-79.251040766, 43.772890602)"
Scarborough-Rouge Park,25,102275,425,Shoppers Drug Mart 829,Pharmacy,2021-03-18,"c(-79.13950367, 43.788621397)"
Scarborough-Rouge Park,25,102275,263,Rylander Pharmasave,Pharmacy,2021-03-18,"c(-79.148074795, 43.798573896)"
Scarborough-Rouge Park,25,102275,336,Shoppers Drug Mart 1399,Pharmacy,2021-03-18,"c(-79.152335853, 43.796762059)"
Scarborough-Rouge Park,25,102275,578,Rexall,Pharmacy,2021-05-29,"c(-79.221381271161, 43.809236120427)"
Scarborough-Rouge Park,25,102275,488,MEDICAL PHARMACY,Pharmacy,2021-04-06,"c(-79.219626962, 43.808497213)"
Scarborough-Rouge Park,25,102275,628,Guardian Sheppard Community Pharmacy,Pharmacy,2021-07-17,"c(-79.199384349214, 43.802764440813)"
Scarborough-Rouge Park,25,102275,333,Wal-Mart Pharmacy #3111,Pharmacy,2021-03-18,"c(-79.200127241, 43.797555284)"
Scarborough-Rouge Park,25,102275,272,People's Choice RemedysRx,Pharmacy,2021-03-18,"c(-79.199175559, 43.801243998)"
Scarborough-Rouge Park,25,102275,554,West Hill Pharmasave,Pharmacy,2021-05-15,"c(-79.184206699996, 43.769548230629)"
Scarborough-Rouge Park,25,102275,394,Shoppers Drug Mart 1335,Pharmacy,2021-03-18,"c(-79.184897425, 43.770113674)"
Scarborough-Rouge Park,25,102275,552,Seamless Care Pharmacy,Pharmacy,2021-05-15,"c(-79.195332644178, 43.800351118533)"
Scarborough-Rouge Park,25,102275,466,No Frills,Pharmacy,2021-04-06,"c(-79.141806685, 43.798219978)"
Spadina-Fort York,10,115510,387,Richmond/Adelaide Toronto Rexall,Pharmacy,2021-03-18,"c(-79.38319999, 43.650005212)"
Spadina-Fort York,10,115510,428,Queen & University Rexall,Pharmacy,2021-03-18,"c(-79.387018614, 43.650413472)"
Spadina-Fort York,10,115510,338,Shoppers Drug Mart 1005,Pharmacy,2021-03-18,"c(-79.422103494, 43.640246732)"
Spadina-Fort York,10,115510,582,Rexall,Pharmacy,2021-05-29,"c(-79.42271710185, 43.643343180327)"
Spadina-Fort York,10,115510,288,LOBLAWS INC LOB1079 RX DSP,Pharmacy,2021-03-18,"c(-79.369878213, 43.644490468)"
Spadina-Fort York,10,115510,456,LOBLAW PHARMACY #1000,Pharmacy,2021-04-06,"c(-79.401593019, 43.647545422)"
Spadina-Fort York,10,115510,455,MORELLI'S PHARMACY,Pharmacy,2021-04-06,"c(-79.380868079, 43.642339257)"
Spadina-Fort York,10,115510,631,Pharmacy By The Grange,Pharmacy,2021-07-17,"c(-79.39045536, 43.65430455)"
Spadina-Fort York,10,115510,415,Shoppers Drug Mart 1414,Pharmacy,2021-03-18,"c(-79.391887492, 43.649891591)"
Spadina-Fort York,10,115510,355,Shoppers Drug Mart 985,Pharmacy,2021-03-18,"c(-79.379750592, 43.646291957)"
Spadina-Fort York,10,115510,368,Shoppers Drug Mart 1288,Pharmacy,2021-03-18,"c(-79.405848715, 43.643053551)"
Spadina-Fort York,10,115510,204,CAMH Vaccination Clinic,Hospital,NA,"c(-79.419124457775, 43.64352200475)"
Spadina-Fort York,10,115510,624,1 Clinic Rx Pharmacy,Pharmacy,2021-07-17,"c(-79.37592003385, 43.643736359557)"
Spadina-Fort York,10,115510,581,CAMH Pharmacy,Pharmacy,2021-05-29,"c(-79.41758891534, 43.643547307497)"
Spadina-Fort York,10,115510,384,Metro Ctr Toronto Rexall,Pharmacy,2021-03-18,"c(-79.387846227, 43.645853124)"
Spadina-Fort York,10,115510,412,Rexall - First Canadian Place,Pharmacy,2021-03-18,"c(-79.381710772, 43.648769522)"
Spadina-Fort York,10,115510,523,Metro Pharmacy,Pharmacy,2021-05-15,"c(-79.417823686505, 43.640054333682)"
Spadina-Fort York,10,115510,421,Shoppers Drug Mart 1320,Pharmacy,2021-03-18,"c(-79.392738641, 43.64632013)"
Spadina-Fort York,10,115510,319,Shoppers Drug Mart 1362,Pharmacy,2021-03-18,"c(-79.41943856, 43.643752883)"
Spadina-Fort York,10,115510,473,SHOPPERS DRUG MART #1321,Pharmacy,2021-04-06,"c(-79.390534482, 43.638163615)"
Spadina-Fort York,10,115510,641,Main Drug Mart,Pharmacy,2021-07-17,"c(-79.421635035759, 43.649368497301)"
Spadina-Fort York,10,115510,604,Liberty Market Pharmacy,Pharmacy,2021-06-05,"c(-79.418770864423, 43.638759695431)"
Spadina-Fort York,10,115510,414,Shoppers Drug Mart 1351,Pharmacy,2021-03-18,"c(-79.370882177, 43.647503698)"
Spadina-Fort York,10,115510,153,Metro Toronto Convention Centre,City,NA,"c(-79.386829859627, 43.643971128415)"
Spadina-Fort York,10,115510,383,Waterpark Place Toronto Rexall,Pharmacy,2021-03-18,"c(-79.378707385, 43.640849976)"
Spadina-Fort York,10,115510,410,Shoppers Drug Mart 997,Pharmacy,2021-03-18,"c(-79.381224798, 43.647230883)"
Spadina-Fort York,10,115510,344,Shoppers Drug Mart 993,Pharmacy,2021-03-18,"c(-79.402332693, 43.647793818)"
Toronto Centre,13,103805,320,Shoppers Drug Mart 1441,Pharmacy,2021-03-18,"c(-79.380352309, 43.650367452)"
Toronto Centre,13,103805,389,Shoppers Drug Mart 949,Pharmacy,2021-03-18,"c(-79.377533215, 43.64891928)"
Toronto Centre,13,103805,633,Shuter St. Pharmacy,Pharmacy,2021-07-17,"c(-79.365434776225, 43.657095951203)"
Toronto Centre,13,103805,235,Well+Good Pharmacy,Pharmacy,2021-03-18,"c(-79.381251539, 43.667222854)"
Toronto Centre,13,103805,584,Shoppers Drug Mart,Pharmacy,2021-05-29,"c(-79.367401655817, 43.664124383028)"
Toronto Centre,13,103805,216,"Regent Park, 40 Oaks (Fred Victor)",Hospital,NA,"c(-79.36531997497, 43.661619703176)"
Toronto Centre,13,103805,370,Shoppers Drug Mart 1402,Pharmacy,2021-03-18,"c(-79.380392172, 43.655591692)"
Toronto Centre,13,103805,514,Dale's Pharmacy Parliament,Pharmacy,2021-05-15,"c(-79.369615884383, 43.667715676874)"
Toronto Centre,13,103805,337,Shoppers Drug Mart 945,Pharmacy,2021-03-18,"c(-79.379370553, 43.647214431)"
Toronto Centre,13,103805,532,Rexall,Pharmacy,2021-05-15,"c(-79.378964297398, 43.652281533158)"
Toronto Centre,13,103805,644,Shoppers Drug Mart,Pharmacy,2021-07-17,"c(-79.38619780696, 43.668751214587)"
Toronto Centre,13,103805,233,Greendale Drugs,Pharmacy,2021-03-18,"c(-79.374563176, 43.663087211)"
Toronto Centre,13,103805,299,LOBLAWS INC LOB4354 RX DSP,Pharmacy,2021-03-18,"c(-79.366323458, 43.651100893)"
Toronto Centre,13,103805,416,Shoppers Drug Mart #943,Pharmacy,2021-03-18,"c(-79.383025435, 43.661814113)"
Toronto Centre,13,103805,361,"Church & Front, Toronto Rexall",Pharmacy,2021-03-18,"c(-79.373867394, 43.64817414)"
Toronto Centre,13,103805,254,Jarvis st. Apothecary,Pharmacy,2021-03-18,"c(-79.374722773, 43.658253511)"
Toronto Centre,13,103805,630,Maple Leaf Medical Pharmacy,Pharmacy,2021-07-17,"c(-79.384053908713, 43.661626135317)"
Toronto Centre,13,103805,375,Parliament & Winchester Rexall,Pharmacy,2021-03-18,"c(-79.368472371, 43.666040788)"
Toronto Centre,13,103805,218,Wellesley Community Centre,Hospital,NA,"c(-79.374465659626, 43.667604299075)"
Toronto Centre,13,103805,230,Metro Drugs,Pharmacy,2021-03-18,"c(-79.376156857, 43.656558446)"
Toronto Centre,13,103805,369,Commerce Court Toronto Rexall,Pharmacy,2021-03-18,"c(-79.37956192, 43.648226017)"
Toronto Centre,13,103805,304,LOBLAWS INC LOB1007 RXDSP,Pharmacy,2021-03-18,"c(-79.380033002, 43.662060943)"
Toronto Centre,13,103805,557,Shoppers Drug Mart,Pharmacy,2021-05-24,"c(-79.386908395424, 43.664780433504)"
Toronto Centre,13,103805,635,Wellmedica Bay Street,Pharmacy,2021-07-17,"c(-79.386362291533, 43.663464152659)"
Toronto Centre,13,103805,627,Cloud Pharmacy,Pharmacy,2021-07-17,"c(-79.378711293379, 43.656062377714)"
Toronto Centre,13,103805,341,Greenwin Square Toronto Rexall,Pharmacy,2021-03-18,"c(-79.377976009, 43.671534273)"
Toronto Centre,13,103805,590,Shoppers Drug Mart,Pharmacy,2021-05-29,"c(-79.364092215342, 43.655683126719)"
Toronto Centre,13,103805,381,Church/Wellesley Toronto Rexall,Pharmacy,2021-03-18,"c(-79.381315005, 43.665428026)"
Toronto Centre,13,103805,226,Shoppers Drug Mart 1322,Pharmacy,2021-03-18,"c(-79.375430592, 43.669960976)"
Toronto-Danforth,14,106875,586,Shoppers Drug Mart,Pharmacy,2021-05-29,"c(-79.34885102737, 43.688888084446)"
Toronto-Danforth,14,106875,528,Rexall,Pharmacy,2021-05-15,"c(-79.358281457669, 43.678160546656)"
Toronto-Danforth,14,106875,399,Shoppers Drug Mart 1255,Pharmacy,2021-03-18,"c(-79.329913099, 43.657974296)"
Toronto-Danforth,14,106875,274,East York Pharmasave,Pharmacy,2021-03-18,"c(-79.326763401, 43.690159401)"
Toronto-Danforth,14,106875,298,LOBLAWS INC NF4119 RX DSP,Pharmacy,2021-03-18,"c(-79.342750207, 43.668294709)"
Toronto-Danforth,14,106875,322,Shoppers Simply Pharmacy 3017,Pharmacy,2021-03-18,"c(-79.355407468, 43.676607878)"
Toronto-Danforth,14,106875,305,LOBLAWS INC LOB1004 RX DSP,Pharmacy,2021-03-18,"c(-79.32899599, 43.660899959)"
Toronto-Danforth,14,106875,311,Pharmacare Drug Mart,Pharmacy,2021-03-18,"c(-79.357561428, 43.680738054)"
Toronto-Danforth,14,106875,406,Shoppers Drug Mart 994,Pharmacy,2021-03-18,"c(-79.342263748, 43.679193443)"
Toronto-Danforth,14,106875,267,City Pharmacy Remedy's Rx,Pharmacy,2021-03-18,"c(-79.355405335, 43.677139691)"
Toronto-Danforth,14,106875,625,Blair Court Pharmacy,Pharmacy,2021-07-17,"c(-79.341907193356, 43.689796095417)"
Toronto-Danforth,14,106875,408,Shoppers Drug Mart 1232,Pharmacy,2021-03-18,"c(-79.357006884, 43.676890398)"
Toronto-Danforth,14,106875,541,Wal-Mart Pharmacy,Pharmacy,2021-05-15,"c(-79.339184157668, 43.669310852374)"
Toronto-Danforth,14,106875,249,Vina Pharmacy,Pharmacy,2021-03-18,"c(-79.337169872, 43.668691587)"
Toronto-Danforth,14,106875,603,Heritage Pharmacy,Pharmacy,2021-06-05,"c(-79.325768622093, 43.68326682507)"
Toronto-Danforth,14,106875,255,Total Health Pharmacy,Pharmacy,2021-03-18,"c(-79.338046193, 43.668487404)"
Toronto-Danforth,14,106875,435,Shoppers Drug Mart 823,Pharmacy,2021-03-18,"c(-79.340473787, 43.661232463)"
Toronto-St. Paul's,12,107900,459,UPTOWN PHARMACY,Pharmacy,2021-04-06,"c(-79.406635373, 43.704795256)"
Toronto-St. Paul's,12,107900,260,LOBLAWS INC LOB1212 RX DSP,Pharmacy,2021-03-18,"c(-79.41530468, 43.684075185)"
Toronto-St. Paul's,12,107900,438,Eglinton/Bathurst Toronto Rexall,Pharmacy,2021-03-18,"c(-79.427502596, 43.70047591)"
Toronto-St. Paul's,12,107900,236,Ava Pharmacy,Pharmacy,2021-03-18,"c(-79.390361502, 43.688674585)"
Toronto-St. Paul's,12,107900,440,Shoppers Drug Mart 841,Pharmacy,2021-03-18,"c(-79.397932854, 43.708950967)"
Toronto-St. Paul's,12,107900,441,Shoppers Drug Mart 836,Pharmacy,2021-03-18,"c(-79.419223892, 43.682747376)"
Toronto-St. Paul's,12,107900,405,Shoppers Drug Mart 939,Pharmacy,2021-03-18,"c(-79.394328295, 43.689379027)"
Toronto-St. Paul's,12,107900,258,Northcliffe Pharmacy,Pharmacy,2021-03-18,"c(-79.447847031, 43.696007225)"
Toronto-St. Paul's,12,107900,380,St.Clair Centre Toronto Rexall,Pharmacy,2021-03-18,"c(-79.393845303, 43.688356455)"
Toronto-St. Paul's,12,107900,515,Deer Park Pharmacy,Pharmacy,2021-05-15,"c(-79.396695271161, 43.687364860432)"
Toronto-St. Paul's,12,107900,474,WELCOME GUARDIAN PHARMACY,Pharmacy,2021-04-06,"c(-79.39605486, 43.697720065)"
Toronto-St. Paul's,12,107900,264,Sam's I.D.A. Pharmacy,Pharmacy,2021-03-18,"c(-79.397276935, 43.698770881)"
Toronto-St. Paul's,12,107900,315,Forest Hill Pharmacy,Pharmacy,2021-03-18,"c(-79.412848278, 43.70345502)"
Toronto-St. Paul's,12,107900,572,Shoppers Drug Mart,Pharmacy,2021-05-29,"c(-79.360937199996, 43.714540871846)"
University-Rosedale,11,104310,266,Snowden Pharmacy,Pharmacy,2021-03-18,"c(-79.400395756, 43.667615656)"
University-Rosedale,11,104310,352,Hazelton Lanes Rexall,Pharmacy,2021-03-18,"c(-79.395185265, 43.672016671)"
University-Rosedale,11,104310,339,Shoppers Drug Mart 1408,Pharmacy,2021-03-18,"c(-79.388684726, 43.669632591)"
University-Rosedale,11,104310,587,Shoppers Drug Mart,Pharmacy,2021-05-29,"c(-79.385317457669, 43.658343992891)"
University-Rosedale,11,104310,592,The Drug Store Pharmacy,Pharmacy,2021-05-29,"c(-79.420661286505, 43.672352904111)"
University-Rosedale,11,104310,378,Mount Sinai Toronto Rexall,Pharmacy,2021-03-18,"c(-79.390441858, 43.657527829)"
University-Rosedale,11,104310,426,Shoppers Drug Mart 813,Pharmacy,2021-03-18,"c(-79.419091598, 43.65427804)"
University-Rosedale,11,104310,265,Pharmasave (PHF 307-1),Pharmacy,2021-03-18,"c(-79.403617352, 43.665282022)"
University-Rosedale,11,104310,513,College Medical Pharmacy,Pharmacy,2021-05-15,"c(-79.409423815342, 43.656496636975)"
University-Rosedale,11,104310,521,Metro Drugs,Pharmacy,2021-05-15,"c(-79.412022513489, 43.666447587053)"
University-Rosedale,11,104310,371,Spadina & College Toronto Rexall,Pharmacy,2021-03-18,"c(-79.400373987, 43.657722443)"
University-Rosedale,11,104310,404,College Park Toronto Rexall,Pharmacy,2021-03-18,"c(-79.385378846, 43.660634351)"
University-Rosedale,11,104310,340,Brunswick House Rexall,Pharmacy,2021-03-18,"c(-79.407117209, 43.66575379)"
University-Rosedale,11,104310,326,Green pharmacy,Pharmacy,2021-03-18,"c(-79.414188927, 43.664734947)"
University-Rosedale,11,104310,588,Shoppers Drug Mart,Pharmacy,2021-05-29,"c(-79.38772367116, 43.657347969153)"
University-Rosedale,11,104310,533,Rexall,Pharmacy,2021-05-15,"c(-79.388262199996, 43.670514709457)"
University-Rosedale,11,104310,640,Freshco Pharmacy,Pharmacy,2021-07-17,"c(-79.407051922268, 43.654310869017)"
University-Rosedale,11,104310,530,Rexall,Pharmacy,2021-05-15,"c(-79.387132028834, 43.661696196685)"
University-Rosedale,11,104310,538,Victor Pharmacy,Pharmacy,2021-05-15,"c(-79.386810799998, 43.655773540665)"
University-Rosedale,11,104310,366,Shoppers Drug Mart #926,Pharmacy,2021-03-18,"c(-79.389515343, 43.677632819)"
University-Rosedale,11,104310,417,Shoppers Drug Mart 806,Pharmacy,2021-03-18,"c(-79.405184648, 43.66664672)"
University-Rosedale,11,104310,392,Shoppers Drug Mart 1410,Pharmacy,2021-03-18,"c(-79.396992117, 43.668376106)"
University-Rosedale,11,104310,372,Atrium on Bay Toronto Rexall,Pharmacy,2021-03-18,"c(-79.383297828, 43.656212449)"
University-Rosedale,11,104310,642,Medical Pharmacy,Pharmacy,2021-07-17,"c(-79.403409493387, 43.657621384872)"
University-Rosedale,11,104310,434,Shoppers Drug Mart 1281,Pharmacy,2021-03-18,"c(-79.407914053, 43.674934792)"
University-Rosedale,11,104310,343,Dundas & Spadina Rexall,Pharmacy,2021-03-18,"c(-79.397614976, 43.653224865)"
University-Rosedale,11,104310,390,Shoppers Drug Mart 807,Pharmacy,2021-03-18,"c(-79.385438175, 43.670753155)"
University-Rosedale,11,104310,325,Sanomed Pharmacy & compounding Centre,Pharmacy,2021-03-18,"c(-79.38791166, 43.665397383)"
Willowdale,18,118800,335,North York City Centre Rexall,Pharmacy,2021-03-18,"c(-79.413067543, 43.768869836)"
Willowdale,18,118800,269,ARIA PHARMACY,Pharmacy,2021-03-18,"c(-79.417779991, 43.792959377)"
Willowdale,18,118800,505,Madawaska Pharmasave,Pharmacy,2021-05-15,"c(-79.417734344265, 43.790188019812)"
Willowdale,18,118800,401,Sheppard Ave Willowdale  Rexall,Pharmacy,2021-03-18,"c(-79.398011758, 43.764651404)"
Willowdale,18,118800,278,Dynasty Pharmacy,Pharmacy,2021-03-18,"c(-79.415524819, 43.777205211)"
Willowdale,18,118800,354,Shoppers Drug Mart 872,Pharmacy,2021-03-18,"c(-79.42232389, 43.79617064)"
Willowdale,18,118800,259,LOBLAWS INC LOB1010 RX DSP,Pharmacy,2021-03-18,"c(-79.412275076, 43.768280256)"
Willowdale,18,118800,306,LOBLAWS INC LOB4388 RX DSP,Pharmacy,2021-03-18,"c(-79.421911267, 43.794746218)"
Willowdale,18,118800,400,Shoppers Drug Mart 986,Pharmacy,2021-03-18,"c(-79.410769235, 43.762395182)"
Willowdale,18,118800,595,Ultima Pharmacy,Pharmacy,2021-06-05,"c(-79.391982635586, 43.765678372955)"
Willowdale,18,118800,150,Mitchell Field Community Centre,City,NA,"c(-79.408229001951, 43.774637558851)"
Willowdale,18,118800,508,Shoppers Drug Mart,Pharmacy,2021-05-15,"c(-79.415988859522, 43.779218924722)"
Willowdale,18,118800,367,"Hullmark, Toronto Rexall",Pharmacy,2021-03-18,"c(-79.410160491, 43.761337471)"
Willowdale,18,118800,615,Yonge Cummer Pharmacy,Pharmacy,2021-07-17,"c(-79.417121906845, 43.787418678401)"
Willowdale,18,118800,362,Shoppers Drug Mart 919,Pharmacy,2021-03-18,"c(-79.444456887, 43.791134191)"
Willowdale,18,118800,506,Metro Pharmacy,Pharmacy,2021-05-15,"c(-79.412966273102, 43.774580702196)"
Willowdale,18,118800,501,9-Eleven Drug Mart,Pharmacy,2021-05-15,"c(-79.418328201937, 43.789205733042)"
York Centre,6,104320,256,Nor-Arm Pharmacy,Pharmacy,2021-03-18,"c(-79.488537583, 43.764248055)"
York Centre,6,104320,376,Shoppers Drug Mart 899,Pharmacy,2021-03-18,"c(-79.446394497, 43.78487934)"
York Centre,6,104320,639,Shoppers Drug Mart,Pharmacy,2021-07-17,"c(-79.468964037556, 43.786550889424)"
York Centre,6,104320,502,1300 Finch Avenue West,Pharmacy,NA,"c(-79.489932357758, 43.764960506423)"
York Centre,6,104320,268,Bathurst Wilson IDA Pharmacy,Pharmacy,2021-03-18,"c(-79.436580114, 43.737225285)"
York Centre,6,104320,241,Nhatrang Drug Mart,Pharmacy,2021-03-18,"c(-79.464139811, 43.73150664)"
York Centre,6,104320,253,Keele and Finch Pharmacy,Pharmacy,2021-03-18,"c(-79.487445664, 43.763887344)"
York Centre,6,104320,451,PHARMA TRUST DRUG MART*,Pharmacy,2021-04-06,"c(-79.511500101, 43.738836382)"
York Centre,6,104320,540,Wal-Mart Pharmacy,Pharmacy,2021-05-15,"c(-79.488449184653, 43.758034107325)"
York Centre,6,104320,479,REXALL #8168,Pharmacy,2021-04-06,"c(-79.489215621, 43.72425819)"
York Centre,6,104320,345,Keele/Wilson Toronto Rexall,Pharmacy,2021-03-18,"c(-79.482684917, 43.725854216)"
York Centre,6,104320,397,Shoppers Drug Mart 838,Pharmacy,2021-03-18,"c(-79.43532213, 43.741195343)"
York Centre,6,104320,593,Wilson Pro Pharmacy,Pharmacy,2021-06-05,"c(-79.470048966367, 43.730320456417)"
York Centre,6,104320,423,Shoppers Drug Mart 820,Pharmacy,2021-03-18,"c(-79.480845411, 43.728254536)"
York Centre,6,104320,301,Costco Pharmacy #535,Pharmacy,2021-03-18,"c(-79.455811158, 43.731043023)"
York Centre,6,104320,463,LOBLAW PHARMACY #1033,Pharmacy,2021-04-06,"c(-79.471510478, 43.784818394)"
York Centre,6,104320,490,SHOPPERS DRUG MART #804,Pharmacy,2021-04-06,"c(-79.439558593, 43.7561633)"
York Centre,6,104320,589,Shoppers Drug Mart,Pharmacy,2021-05-29,"c(-79.466647876714, 43.760244162885)"
York Centre,6,104320,275,Lefko Pharmasave #794,Pharmacy,2021-03-18,"c(-79.467380913, 43.730803868)"
York South-Weston,5,116685,271,THE MEDICINE SHOPPE PHARMACY # 134,Pharmacy,2021-03-18,"c(-79.473005864, 43.690839184)"
York South-Weston,5,116685,186,Humber River Hospital COVax Vaccine Clinic - Downsview Arena,Hospital,NA,"c(-79.531034259625, 43.713852472062)"
York South-Weston,5,116685,240,Weston Jane Pharmacy,Pharmacy,2021-03-18,"c(-79.495848285, 43.689037346)"
York South-Weston,5,116685,396,Shoppers Drug Mart 867,Pharmacy,2021-03-18,"c(-79.467854674, 43.671607753)"
York South-Weston,5,116685,461,EAGLE MANOR PHARMACY*,Pharmacy,2021-04-06,"c(-79.515990047, 43.700580486)"
York South-Weston,5,116685,645,2160 Weston Road,Pharmacy,2021-07-17,"c(-79.525419206869, 43.703085220691)"
York South-Weston,5,116685,332,Wal-Mart Pharmacy #1004,Pharmacy,2021-03-18,"c(-79.485301661, 43.668058323)"
York South-Weston,5,116685,637,John and Weston Discount Drugs,Pharmacy,2021-07-17,"c(-79.517332551135, 43.701336776211)"
York South-Weston,5,116685,454,DEMARCO PHARMACY,Pharmacy,2021-04-06,"c(-79.478256559, 43.70791816)"
York South-Weston,5,116685,571,Shoppers Drug Mart,Pharmacy,2021-05-29,"c(-79.519516728833, 43.701483032193)"
York South-Weston,5,116685,522,Metro Pharmacy,Pharmacy,2021-05-15,"c(-79.473153946029, 43.669846553485)"
York South-Weston,5,116685,232,Friendly Care West King Pharmacy,Pharmacy,2021-03-18,"c(-79.522437686, 43.702148362)"
York South-Weston,5,116685,251,Whole Health Pharmacy,Pharmacy,2021-03-18,"c(-79.5023861, 43.699196993)"
York South-Weston,5,116685,221,Keele-Ingram Pharmacy,Pharmacy,2021-03-18,"c(-79.475504338, 43.698959775)"
York South-Weston,5,116685,209,West Park Healthcare Centre,Hospital,NA,"c(-79.508040174969, 43.689919358638)"
York South-Weston,5,116685,478,WAL-MART PHARMACY,Pharmacy,2021-04-06,"c(-79.473413066, 43.70917554)"
York South-Weston,5,116685,222,LOBLAWS INC RCSS2800 RX DSP,Pharmacy,2021-03-18,"c(-79.533850643, 43.709950033)"
York South-Weston,5,116685,468,SHOPPERS DRUG MART #869,Pharmacy,2021-04-06,"c(-79.501633715, 43.696959116)"
York South-Weston,5,116685,450,DRUG STORE PHARMACY #4285,Pharmacy,2021-04-06,"c(-79.483767934, 43.686772181)"
